<?xml version="1.0" encoding="utf-8"?>
<!--Generated by crowdin.net-->
<resources>
  <string name="SignInButton">Login</string>
  <string name="SigningIn">Logging in …</string>
  <string name="NoServerSelected"> Please select a server</string>
  <string name="NoUsernameEnter"> Please enter username</string>
  <string name="NoPasswordEnter"> Please enter password</string>
  <string name="UserNamePasswordFailed">Invalid username/password combination.</string>
  <string name="ServerInvalid">  Invalid server address</string>
  <string name="ServerUnreachable">  Server address is unreachable</string>
  <string name="UserNameCellTitle">Username</string>
  <string name="PasswordCellTitle">Password</string>
  <string name="Language">LANGUAGE</string>
  <string name="Server">SERVER</string>
  <string name="ServerList"> Server List</string>
  <string name="AddAServer"> Add a Server</string>
  <string name="ModifyServerList">Modify the List</string>
  <string name="ServerDetail">Server Configuration</string>
  <string name="NewServer">New Server</string>
  <string name="NameOfTheServer">Name of the server</string>
  <string name="URLOfTheSerVer">URL of the server</string>
  <string name="CannotEditServer"> The server can not modify/delete. It is current in use. </string>
  <string name="English">English</string>
  <string name="French">French</string>
  <string name="CompliantMessage"> Mobile is not compliant with this platform version</string>
  <string name="Delete">Delete</string>
  <string name="Copy">Copy</string>
  <string name="Move">Cut</string>
  <string name="Rename">Rename</string>
  <string name="CreateFolder"> Create Folder</string>
  <string name="Send">Send</string>
  <string name="Paste">Paste</string>
  <string name="Cancel">Cancel</string>
  <string name="OK">OK</string>
  <string name="Remove"> Remove</string>
  <string name="Documents"> Documents</string>
  <string name="Dashboard"> Apps</string>
  <string name="Settings"> Settings</string>
  <string name="GadgetsCannotBeRetrieved">Gadgets Cannot Be Retrieved.</string>
  <string name="ChatApplication">Chat</string>
  <string name="ActivityStream"> News</string>
  <string name="ActivityDetail"> Details</string>
  <string name="You"> You</string>
  <string name="Me"> Me</string>
  <string name="MessageFrom"> Message from</string>
  <string name="ShowMore"> Show More</string>
  <string name="LoadingData"> Loading data …</string>
  <string name="LoadingImage"> Loading image …</string>
  <string name="SendingData">  Sending data …</string>
  <string name="YourComment"> Your comment …</string>
  <string name="Comment"> Comment</string>
  <string name="StatusUpdate"> Post</string>
  <string name="NoLike"> No like for the moment</string>
  <string name="LikedThis"> liked this</string>
  <string name="And"> and</string>
  <string name="PeoplesLikedThis"> peoples liked this</string>
  <string name="PeopleLikedThis"> people liked this</string>
  <string name="LessThanAMinute"> less than a minute</string>
  <string name="AboutAMinuteAgo"> about a minute ago</string>
  <string name="About"> about</string>
  <string name="MinutesAgo"> minutes ago</string>
  <string name="AboutAnHourAgo"> about an hour ago</string>
  <string name="HoursAgo"> hours ago</string>
  <string name="AboutADayAgo"> about a day ago</string>
  <string name="DaysAgo"> days ago</string>
  <string name="AboutAMonthAgo"> about a month ago</string>
  <string name="MonthsAgo"> months ago</string>
  <string name="InputTextWarning"> Please, input some text.</string>
  <string name="Minute"> minute</string>
  <string name="Minutes"> minutes</string>
  <string name="Hour"> hour</string>
  <string name="Hours"> hours</string>
  <string name="Today"> today</string>
  <string name="AddAPhoto"> Add a Photo</string>
  <string name="TakeAPhoto">  Take a Photo</string>
  <string name="PhotoLibrary"> Photo Library </string>
  <string name="SelectedPhoto"> Selected Image</string>
  <string name="AttachedPhoto"> Attached Photo</string>
  <string name="Warning"> Warning</string>
  <string name="PostError"> Error on post an activity.</string>
  <string name="ConnectionError"> The network can not be reached.</string>
  <string name="LoadingDataError"> Error on loading data.</string>
  <string name="DoNotHavePermision"> You don\'t have permission for this because SDCard is not available.</string>
  <string name="WarningServerNameIsEmpty"> Server name or url could not be empty.</string>
  <string name="WarningServerNameIsExist"> This server name already exists in your list</string>
  <string name="WarningServerUrlIsExist"> This server url already exists in your list</string>
  <string name="DetailsNotAvaiable"> Details of the news are not available</string>
  <string name="ErrorOnComment"> You can not comment this activity.</string>
  <string name="LogoutTitle"> Logout Dialog</string>
  <string name="LogoutContent"> Do you want to exit?</string>
  <string name="ApplicationInformation"> APPLICATION INFORMATIONS</string>
  <string name="ServerVersion"> Server Version</string>
  <string name="ServerEdition"> Server Edition</string>
  <string name="ApplicationVersion"> Application Version</string>
  <string name="EmptyFolder"> The content of this folder is empty</string>
  <string name="UnreachableFileTitle"> Unreadable File</string>
  <string name="UnreachableFile"> This file cannot be opened on the application</string>
  <string name="EmptyDashboard"> You haven\'t got any gadgets on your apps</string>
  <string name="EmptyActivity"> Any activities has been posted on your activity stream</string>
  <string name="EmptyContact"> Your chat buddies list is empty</string>
  <string name="EmptyComment"> No one has commented, be the first one</string>
  <string name="HasEditWikiPage"> has edited Wiki page:</string>
  <string name="HasCreatWikiPage"> has created Wiki page:</string>
  <string name="HasPostedAnewTopic">  has posted a new topic:</string>
  <string name="HasUpdateAnewTopic">  has updated a topic:</string>
  <string name="HasAddANewPost"> has added a new post:</string>
  <string name="HasUpdateANewPost"> has updated a post:</string>
  <string name="HasAskAnswer"> has asked:</string>
  <string name="HasUpdatedQuestion">  has updated question: </string>
  <string name="HasAnswerQuestion">has answered for question:</string>
  <string name="AddedAnEvent"> added an event:</string>
  <string name="UpdatedAnEvent"> has just updated the event:</string>
  <string name="AddedATask">added a task:</string>
  <string name="UpdatedATask"> has just updated the task:</string>
  <string name="DocumentRenameTitle">  Rename Folder</string>
  <string name="DocumentRenameContent"> Enter a new name:</string>
  <string name="DocumentCreateTitle"> Create Folder</string>
  <string name="DocumentCreateContent">  Enter the name of folder:</string>
  <string name="DocumentCannotDelete"> Can not delete this file.</string>
  <string name="DocumentCopyPasteError"> Paste file error.</string>
  <string name="DocumentUploadError"> Upload file error.</string>
  <string name="DocumentRenameError"> Rename folder error.</string>
  <string name="DocumentCreateFolderError"> Create folder error.</string>
  <string name="DocumentFolderNameEmpty"> Please input folder name.</string>
  <string name="CalendarDescription"> Description:</string>
  <string name="CalendarLocation"> Location:</string>
  <string name="CalendarStart"> Start Time:</string>
  <string name="CalendarEnd"> End Time:</string>
  <string name="SpecialCharacters"> Special characters are not allowed.</string>
  <string name="In"> in</string>
  <string name="Space"> space</string>
  <string name="Personal">Personal</string>
  <string name="Group">Group</string>
  <string name="General">General</string>
  <string name="NetworkTimeout"> Network connection timeout. Please try again.</string>
  <string name="Liker"> Liker</string>
  <string name="Likers"> Likers</string>
  <string name="NoAppFound"> No application was found.</string>
  <string name="CannotOpenFile"> Can not open this file.</string>
  <string name="FileNotFound"> File not found.</string>
  <string name="FileNotSupported"> File was not support to open.</string>
  <string name="CompatibleFileSuggest">Do you like open in installed app?</string>
  <string name="OpenIn">Open in …</string>
  <string name="DownloadingFile">Downloading file …</string>
  <string name="MemoryWarning">Memory is unavailable or doesn\'t have enough free space.</string>
  <string name="SocialSettingTitle">SOCIAL</string>
  <string name="SocialSettingContent">Remember my filter</string>
  <string-array name="SocialTabs">
    <item>All Updates</item>
    <item>My Connections</item>
    <item>My Spaces</item>
    <item>My Status</item>
  </string-array>
</resources>
